id,date,red1,red2,red3,red4,red5,blue1,blue2
2007001,2007-05-30,22,24,29,31,35,04,11
2007002,2007-06-02,15,22,31,34,35,05,12
2007003,2007-06-04,03,04,18,23,32,01,06
2007004,2007-06-06,06,10,16,17,25,02,04
2007005,2007-06-09,01,09,19,20,30,02,11
2007006,2007-06-11,01,16,20,23,28,03,06
2007007,2007-06-13,14,16,25,26,35,04,09
2007008,2007-06-16,02,08,11,21,23,04,07
2007009,2007-06-18,01,03,09,19,34,09,12
2007010,2007-06-20,06,08,18,29,34,09,11
2007011,2007-06-23,29,32,33,34,35,09,10
2007012,2007-06-25,03,12,15,29,34,07,11
2007013,2007-06-27,12,17,27,29,34,06,09
2007014,2007-06-30,01,02,07,29,32,06,07
2007015,2007-07-02,02,08,12,13,17,11,12
2007016,2007-07-04,01,14,19,24,31,03,12
2007017,2007-07-07,13,14,29,32,34,03,12
2007018,2007-07-09,03,04,16,23,28,06,09
2007019,2007-07-11,03,06,17,22,23,04,06
2007020,2007-07-14,02,06,11,12,18,05,12
2007021,2007-07-16,02,04,24,29,33,01,02
2007022,2007-07-18,08,10,12,23,25,03,10
2007023,2007-07-21,08,10,23,32,34,08,10
2007024,2007-07-23,06,16,20,25,31,04,09
2007025,2007-07-25,22,24,26,27,34,02,10
2007026,2007-07-28,05,09,13,33,35,01,08
2007027,2007-07-30,02,03,10,19,27,06,10
2007028,2007-08-01,20,26,30,34,35,03,10
2007029,2007-08-04,15,22,25,29,35,09,11
2007030,2007-08-06,11,14,27,33,35,02,07
2007031,2007-08-08,03,21,27,31,32,06,08
2007032,2007-08-11,01,13,21,23,32,04,11
2007033,2007-08-13,01,05,08,14,22,03,12
2007034,2007-08-15,06,08,11,13,22,02,11
2007035,2007-08-18,07,11,16,31,32,01,12
2007036,2007-08-20,15,18,21,27,34,01,02
2007037,2007-08-22,01,06,07,17,31,11,12
2007038,2007-08-25,06,21,25,27,32,08,09
2007039,2007-08-27,10,11,20,21,35,07,11
2007040,2007-08-29,05,21,25,28,35,01,04
2007041,2007-09-01,03,16,17,22,35,01,08
2007042,2007-09-03,07,10,22,31,35,05,06
2007043,2007-09-05,04,09,22,24,31,02,06
2007044,2007-09-08,04,05,07,12,26,01,10
2007045,2007-09-10,09,16,20,26,35,11,12
2007046,2007-09-12,04,16,18,23,30,01,10
2007047,2007-09-15,01,06,15,19,35,02,09
2007048,2007-09-17,08,25,26,29,35,06,08
2007049,2007-09-19,09,10,15,17,32,04,06
2007050,2007-09-22,13,21,22,30,35,01,11
2007051,2007-09-24,03,07,24,28,35,08,11
2007052,2007-09-26,01,14,29,32,33,05,10
2007053,2007-09-29,11,16,19,21,25,01,10
2007054,2007-10-01,04,10,19,29,34,03,06
2007055,2007-10-03,10,16,24,31,33,07,10
2007056,2007-10-06,04,11,17,20,21,05,09
2007057,2007-10-08,14,16,30,32,35,06,07
2007058,2007-10-10,08,21,25,28,33,02,06
2007059,2007-10-13,04,15,23,31,33,03,09
2007060,2007-10-15,12,13,29,30,31,04,07
2007061,2007-10-17,02,10,19,28,29,02,09
2007062,2007-10-20,01,04,10,14,29,11,12
2007063,2007-10-22,10,31,33,34,35,07,12
2007064,2007-10-24,02,16,32,33,35,05,10
2007065,2007-10-27,19,20,24,29,31,09,10
2007066,2007-10-29,04,07,08,19,24,07,12
2007067,2007-10-31,11,18,25,30,31,04,09
2007068,2007-11-03,04,09,13,14,33,06,10
2007069,2007-11-05,02,13,16,21,35,01,05
2007070,2007-11-07,07,26,29,30,35,03,04
2007071,2007-11-10,10,22,32,33,35,01,07
2007072,2007-11-12,21,24,26,27,33,01,05
2007073,2007-11-14,04,05,09,12,23,02,11
2007074,2007-11-17,16,17,23,24,31,05,10
2007075,2007-11-19,05,11,20,30,32,07,11
2007076,2007-11-21,02,09,12,15,31,09,10
2007077,2007-11-24,04,06,12,13,24,01,04
2007078,2007-11-26,09,12,14,22,23,01,02
2007079,2007-11-28,06,09,25,26,31,02,08
2007080,2007-12-01,01,15,20,25,27,05,10
2007081,2007-12-03,06,18,20,22,35,04,09
2007082,2007-12-05,03,05,14,33,34,07,08
2007083,2007-12-08,01,05,20,21,24,03,04
2007084,2007-12-10,05,11,18,29,34,10,11
2007085,2007-12-12,17,24,28,29,33,02,05
2007086,2007-12-15,14,18,19,26,28,03,09
2007087,2007-12-17,08,18,30,31,33,04,09
2007088,2007-12-19,17,18,21,23,33,06,10
2007089,2007-12-22,08,13,24,30,34,01,12
2007090,2007-12-24,04,20,24,31,33,09,12
2007091,2007-12-26,07,12,26,31,32,03,08
2007092,2007-12-29,06,19,27,28,29,06,10
2007093,2007-12-31,06,08,16,25,27,08,12
id,date,red1,red2,red3,red4,red5,blue1,blue2
2008001,2008-01-02,01,02,11,34,35,03,10
2008002,2008-01-05,01,12,24,31,32,10,12
2008003,2008-01-07,01,11,13,32,35,02,07
2008004,2008-01-09,09,22,24,31,33,08,09
2008005,2008-01-12,18,25,29,31,34,09,10
2008006,2008-01-14,10,12,26,29,34,05,07
2008007,2008-01-16,03,04,05,12,28,03,12
2008008,2008-01-19,02,06,08,17,32,08,09
2008009,2008-01-21,04,08,12,24,30,05,08
2008010,2008-01-23,06,23,24,27,29,06,08
2008011,2008-01-26,14,20,22,24,27,07,10
2008012,2008-01-28,02,10,29,32,35,02,03
2008013,2008-01-30,01,11,19,22,35,05,09
2008014,2008-02-02,04,07,10,28,34,01,06
2008015,2008-02-04,09,18,20,27,33,06,09
2008016,2008-02-13,08,10,11,17,19,06,09
2008017,2008-02-16,02,14,25,29,32,01,06
2008018,2008-02-18,03,06,07,11,30,02,03
2008019,2008-02-20,08,24,25,29,31,04,05
2008020,2008-02-23,04,05,15,17,33,04,08
2008021,2008-02-25,05,10,13,21,24,04,09
2008022,2008-02-27,09,12,13,25,31,08,10
2008023,2008-03-01,06,26,31,32,34,07,10
2008024,2008-03-03,08,12,17,20,30,01,02
2008025,2008-03-05,06,10,12,15,28,04,12
2008026,2008-03-08,01,21,22,24,25,08,10
2008027,2008-03-10,05,17,23,31,32,04,08
2008028,2008-03-12,03,11,17,19,26,07,12
2008029,2008-03-15,06,11,18,29,30,04,11
2008030,2008-03-17,03,21,23,26,35,05,08
2008031,2008-03-19,14,20,23,27,28,02,04
2008032,2008-03-22,03,09,19,27,33,09,10
2008033,2008-03-24,03,10,21,23,30,01,09
2008034,2008-03-26,06,07,18,34,35,05,10
2008035,2008-03-29,02,12,13,29,30,05,07
2008036,2008-03-31,09,19,22,30,32,01,10
2008037,2008-04-02,11,20,24,31,35,04,10
2008038,2008-04-05,12,13,19,32,33,02,10
2008039,2008-04-07,07,11,15,27,35,04,07
2008040,2008-04-09,04,08,19,22,29,08,11
2008041,2008-04-12,07,17,21,22,28,05,10
2008042,2008-04-14,05,10,13,32,35,04,05
2008043,2008-04-16,05,08,10,31,33,02,04
2008044,2008-04-19,02,21,23,27,32,10,11
2008045,2008-04-21,14,32,33,34,35,02,04
2008046,2008-04-23,11,25,26,27,35,07,08
2008047,2008-04-26,12,18,22,23,30,06,12
2008048,2008-04-28,01,13,22,25,27,02,10
2008049,2008-04-30,01,11,14,28,30,03,10
2008050,2008-05-03,01,05,11,26,27,03,07
2008051,2008-05-05,01,07,09,11,33,03,11
2008052,2008-05-07,03,18,19,30,35,05,09
2008053,2008-05-10,01,13,21,23,32,03,06
2008054,2008-05-12,05,14,23,31,35,02,06
2008055,2008-05-14,02,14,28,30,35,04,12
2008056,2008-05-17,15,19,25,30,31,03,09
2008057,2008-05-19,05,08,09,17,33,05,06
2008058,2008-05-21,03,09,11,29,33,03,12
2008059,2008-05-24,07,13,21,25,31,08,10
2008060,2008-05-26,03,13,17,23,30,01,11
2008061,2008-05-28,07,10,14,19,32,03,06
2008062,2008-05-31,01,15,27,28,29,03,10
2008063,2008-06-02,07,11,24,30,35,06,08
2008064,2008-06-04,14,18,24,27,31,06,07
2008065,2008-06-07,19,22,23,25,32,06,12
2008066,2008-06-09,02,07,21,22,25,04,12
2008067,2008-06-11,03,10,14,15,22,04,07
2008068,2008-06-14,06,09,11,33,34,06,10
2008069,2008-06-16,05,13,16,29,33,06,08
2008070,2008-06-18,09,17,18,21,31,01,05
2008071,2008-06-21,01,05,11,14,25,01,09
2008072,2008-06-23,10,25,32,33,34,03,09
2008073,2008-06-25,02,05,06,07,31,08,10
2008074,2008-06-28,10,13,22,31,35,04,12
2008075,2008-06-30,01,10,13,30,33,06,07
2008076,2008-07-02,03,05,10,27,34,01,12
2008077,2008-07-05,01,08,21,33,34,05,07
2008078,2008-07-07,08,17,20,28,31,07,11
2008079,2008-07-09,20,23,26,32,33,05,12
2008080,2008-07-12,06,09,29,31,33,05,11
2008081,2008-07-14,07,08,20,22,29,04,07
2008082,2008-07-16,15,19,29,33,35,01,02
2008083,2008-07-19,06,14,15,30,31,03,10
2008084,2008-07-21,02,17,20,22,25,05,11
2008085,2008-07-23,03,07,13,15,19,02,10
2008086,2008-07-26,01,06,10,22,35,03,07
2008087,2008-07-28,14,22,32,33,35,01,05
2008088,2008-07-30,07,11,19,27,31,02,03
2008089,2008-08-02,08,13,24,32,33,03,09
2008090,2008-08-04,04,11,18,33,34,02,06
2008091,2008-08-06,09,13,19,22,25,04,10
2008092,2008-08-09,03,23,26,32,34,04,09
2008093,2008-08-11,06,07,10,24,30,05,08
2008094,2008-08-13,07,12,19,27,34,11,12
2008095,2008-08-16,03,04,11,21,25,01,07
2008096,2008-08-18,06,07,12,25,28,02,12
2008097,2008-08-20,01,10,31,33,35,03,10
2008098,2008-08-23,07,10,22,27,33,04,08
2008099,2008-08-25,03,18,23,25,30,06,10
2008100,2008-08-27,12,20,26,29,30,02,06
2008101,2008-08-30,10,13,23,31,33,04,11
2008102,2008-09-01,05,25,26,29,35,03,10
2008103,2008-09-03,02,11,22,30,34,04,09
2008104,2008-09-06,07,08,10,24,34,08,11
2008105,2008-09-08,12,21,22,26,35,04,05
2008106,2008-09-10,03,05,21,28,33,02,06
2008107,2008-09-13,01,02,13,15,16,04,09
2008108,2008-09-15,11,16,24,29,32,09,11
2008109,2008-09-17,01,10,18,28,34,05,08
2008110,2008-09-20,05,16,25,27,33,04,09
2008111,2008-09-22,02,11,12,14,19,05,09
2008112,2008-09-24,04,18,26,32,33,05,08
2008113,2008-09-27,11,14,17,19,22,01,08
2008114,2008-09-29,02,03,22,27,31,06,07
2008115,2008-10-01,07,09,19,21,33,07,10
2008116,2008-10-04,06,08,15,24,31,01,03
2008117,2008-10-06,13,23,24,25,30,02,08
2008118,2008-10-08,06,09,19,25,30,06,12
2008119,2008-10-11,01,02,10,19,27,01,11
2008120,2008-10-13,21,23,24,25,32,03,04
2008121,2008-10-15,11,23,24,32,35,04,10
2008122,2008-10-18,03,06,12,20,29,09,12
2008123,2008-10-20,01,06,12,28,31,08,09
2008124,2008-10-22,02,10,13,29,33,06,10
2008125,2008-10-25,01,04,28,33,34,06,11
2008126,2008-10-27,09,29,32,34,35,01,08
2008127,2008-10-29,08,21,22,31,33,01,07
2008128,2008-11-01,12,15,23,24,25,10,11
2008129,2008-11-03,13,16,20,25,27,04,05
2008130,2008-11-05,03,05,22,29,34,07,12
2008131,2008-11-08,08,09,12,21,32,07,11
2008132,2008-11-10,06,14,24,27,29,05,09
2008133,2008-11-12,10,12,15,33,35,03,09
2008134,2008-11-15,11,13,15,28,35,08,10
2008135,2008-11-17,07,22,25,29,33,01,12
2008136,2008-11-19,03,28,29,32,34,01,06
2008137,2008-11-22,01,10,25,32,35,05,09
2008138,2008-11-24,04,05,18,22,35,07,08
2008139,2008-11-26,01,06,10,14,22,06,08
2008140,2008-11-29,02,09,11,29,32,08,09
2008141,2008-12-01,09,15,18,30,34,04,05
2008142,2008-12-03,06,18,21,30,35,08,09
2008143,2008-12-06,01,02,22,29,32,01,04
2008144,2008-12-08,10,19,27,28,33,05,12
2008145,2008-12-10,05,16,27,29,30,05,11
2008146,2008-12-13,09,23,24,26,33,07,12
2008147,2008-12-15,16,18,19,24,35,11,12
2008148,2008-12-17,03,07,20,33,35,04,07
2008149,2008-12-20,02,05,06,27,29,03,04
2008150,2008-12-22,01,09,10,15,25,03,08
2008151,2008-12-24,07,10,27,31,34,08,09
2008152,2008-12-27,03,05,14,20,33,07,11
2008153,2008-12-29,02,04,06,25,26,02,05
2008154,2008-12-31,05,07,10,29,32,04,06
id,date,red1,red2,red3,red4,red5,blue1,blue2
2009001,2009-01-03,01,15,23,27,30,04,10
2009002,2009-01-05,01,04,07,12,30,05,10
2009003,2009-01-07,16,18,23,30,32,02,11
2009004,2009-01-10,01,03,22,32,35,06,10
2009005,2009-01-12,10,11,15,31,32,05,08
2009006,2009-01-14,02,04,22,31,35,09,12
2009007,2009-01-17,06,14,15,29,35,06,11
2009008,2009-01-19,04,17,21,29,31,02,12
2009009,2009-01-21,12,18,23,26,32,06,09
2009010,2009-01-24,02,09,12,21,29,07,11
2009011,2009-02-02,02,11,13,14,21,02,04
2009012,2009-02-04,02,05,20,25,31,10,12
2009013,2009-02-07,05,24,26,30,35,05,12
2009014,2009-02-09,08,14,15,25,26,07,09
2009015,2009-02-11,01,05,10,16,27,03,04
2009016,2009-02-14,10,11,20,26,27,09,11
2009017,2009-02-16,05,11,23,26,33,04,12
2009018,2009-02-18,01,06,13,28,29,03,09
2009019,2009-02-21,04,29,31,32,35,04,10
2009020,2009-02-23,05,16,18,32,35,02,11
2009021,2009-02-25,01,15,31,32,34,03,08
2009022,2009-02-28,12,14,17,34,35,04,11
2009023,2009-03-02,15,17,21,27,33,07,11
2009024,2009-03-04,29,31,32,33,35,10,11
2009025,2009-03-07,03,17,22,23,33,04,10
2009026,2009-03-09,24,30,31,32,34,10,12
2009027,2009-03-11,03,22,26,33,34,09,10
2009028,2009-03-14,06,20,30,32,35,09,11
2009029,2009-03-16,03,04,13,17,24,04,11
2009030,2009-03-18,01,07,27,30,32,01,04
2009031,2009-03-21,07,11,19,21,22,01,11
2009032,2009-03-23,04,12,20,26,29,06,10
2009033,2009-03-25,02,08,18,21,32,08,11
2009034,2009-03-28,05,19,31,32,35,04,09
2009035,2009-03-30,03,07,09,28,33,03,08
2009036,2009-04-01,02,12,26,31,33,09,10
2009037,2009-04-04,17,18,19,25,31,01,11
2009038,2009-04-06,06,17,20,29,32,04,05
2009039,2009-04-08,01,03,07,10,33,03,04
2009040,2009-04-11,03,16,30,32,33,01,10
2009041,2009-04-13,05,09,20,23,29,04,10
2009042,2009-04-15,11,24,25,26,31,02,07
2009043,2009-04-18,05,21,22,32,35,02,05
2009044,2009-04-20,01,07,18,29,34,03,09
2009045,2009-04-22,01,09,14,24,35,06,09
2009046,2009-04-25,01,09,24,34,35,04,09
2009047,2009-04-27,13,18,21,24,29,03,06
2009048,2009-04-29,05,06,22,25,27,11,12
2009049,2009-05-02,05,16,28,29,34,11,12
2009050,2009-05-04,05,15,28,32,33,08,09
2009051,2009-05-06,03,11,22,26,29,05,12
2009052,2009-05-09,23,24,30,34,35,01,03
2009053,2009-05-11,05,09,24,31,33,05,06
2009054,2009-05-13,02,12,19,29,30,07,12
2009055,2009-05-16,05,08,14,23,24,05,06
2009056,2009-05-18,04,13,17,32,35,03,06
2009057,2009-05-20,06,15,22,27,30,02,09
2009058,2009-05-23,08,10,14,27,32,02,07
2009059,2009-05-25,02,13,14,29,33,04,11
2009060,2009-05-27,18,28,29,30,31,04,08
2009061,2009-05-30,02,10,21,26,34,02,10
2009062,2009-06-01,04,22,23,29,31,05,11
2009063,2009-06-03,05,06,18,21,22,01,07
2009064,2009-06-06,06,10,11,17,34,11,12
2009065,2009-06-08,01,12,24,27,32,02,11
2009066,2009-06-10,01,08,19,24,31,06,12
2009067,2009-06-13,03,06,25,28,32,02,05
2009068,2009-06-15,02,12,15,20,28,01,12
2009069,2009-06-17,14,16,27,30,33,08,12
2009070,2009-06-20,10,21,24,30,31,03,10
2009071,2009-06-22,04,20,29,30,33,02,11
2009072,2009-06-24,23,26,29,32,33,05,10
2009073,2009-06-27,01,10,19,21,30,01,04
2009074,2009-06-29,15,17,19,23,32,01,11
2009075,2009-07-01,01,07,11,32,33,09,11
2009076,2009-07-04,03,09,11,18,24,04,05
2009077,2009-07-06,07,20,28,32,34,06,08
2009078,2009-07-08,11,23,26,31,34,05,11
2009079,2009-07-11,01,02,07,13,34,04,10
2009080,2009-07-13,07,16,19,29,35,02,11
2009081,2009-07-15,02,15,20,25,33,03,06
2009082,2009-07-18,05,11,26,29,32,08,11
2009083,2009-07-20,02,05,28,34,35,01,07
2009084,2009-07-22,05,09,19,26,35,02,10
2009085,2009-07-25,06,13,27,33,34,09,12
2009086,2009-07-27,01,02,07,26,29,10,12
2009087,2009-07-29,10,24,28,30,33,01,10
2009088,2009-08-01,13,16,27,32,34,03,09
2009089,2009-08-03,03,06,11,19,27,02,07
2009090,2009-08-05,18,25,30,33,34,04,10
2009091,2009-08-08,01,05,17,32,34,03,07
2009092,2009-08-10,10,21,22,27,29,08,12
2009093,2009-08-12,07,09,22,30,33,09,11
2009094,2009-08-15,01,05,21,23,29,05,12
2009095,2009-08-17,08,18,24,30,33,01,06
2009096,2009-08-19,07,12,28,32,33,01,03
2009097,2009-08-22,06,13,14,22,25,01,04
2009098,2009-08-24,11,17,19,25,26,02,10
2009099,2009-08-26,03,09,21,23,33,06,10
2009100,2009-08-29,16,20,25,29,33,01,08
2009101,2009-08-31,02,10,14,22,26,04,09
2009102,2009-09-02,11,13,29,32,35,10,12
2009103,2009-09-05,16,20,28,32,33,01,02
2009104,2009-09-07,15,25,29,32,33,10,11
2009105,2009-09-09,01,25,26,34,35,06,11
2009106,2009-09-12,11,21,22,25,34,06,09
2009107,2009-09-14,11,12,33,34,35,01,10
2009108,2009-09-16,01,09,14,29,30,07,10
2009109,2009-09-19,02,11,13,26,35,06,10
2009110,2009-09-21,22,28,30,31,34,07,09
2009111,2009-09-23,04,11,13,19,35,10,12
2009112,2009-09-26,02,08,12,34,35,04,05
2009113,2009-09-28,03,04,10,18,27,06,08
2009114,2009-09-30,02,08,25,29,33,03,07
2009115,2009-10-03,01,02,06,08,26,05,12
2009116,2009-10-05,12,15,23,30,33,09,12
2009117,2009-10-07,07,21,29,31,33,09,10
2009118,2009-10-10,10,17,18,21,34,05,11
2009119,2009-10-12,03,12,22,23,28,04,12
2009120,2009-10-14,11,23,27,28,32,02,05
2009121,2009-10-17,04,05,08,11,22,02,10
2009122,2009-10-19,01,02,11,31,33,05,06
2009123,2009-10-21,10,21,28,29,32,06,10
2009124,2009-10-24,01,03,14,32,35,07,11
2009125,2009-10-26,08,20,23,29,31,02,11
2009126,2009-10-28,14,23,27,28,33,08,12
2009127,2009-10-31,05,09,27,32,34,05,08
2009128,2009-11-02,06,21,28,32,34,04,07
2009129,2009-11-04,02,10,18,32,33,03,08
2009130,2009-11-07,09,14,25,32,34,02,08
2009131,2009-11-09,02,03,08,33,34,03,11
2009132,2009-11-11,02,10,12,15,28,04,07
2009133,2009-11-14,01,08,24,27,34,10,11
2009134,2009-11-16,02,16,19,28,33,07,11
2009135,2009-11-18,06,08,15,20,32,05,06
2009136,2009-11-21,07,13,23,24,29,06,10
2009137,2009-11-23,12,28,29,30,34,01,09
2009138,2009-11-25,03,04,14,28,32,09,10
2009139,2009-11-28,14,16,20,22,32,05,09
2009140,2009-11-30,07,08,19,26,30,01,12
2009141,2009-12-02,13,14,21,30,33,02,08
2009142,2009-12-05,05,06,13,24,31,03,11
2009143,2009-12-07,01,09,10,11,22,01,12
2009144,2009-12-09,18,26,32,33,34,04,06
2009145,2009-12-12,05,11,14,22,35,03,10
2009146,2009-12-14,11,17,23,24,25,03,06
2009147,2009-12-16,06,12,18,22,29,05,08
2009148,2009-12-19,02,04,13,14,33,01,09
2009149,2009-12-21,01,03,10,12,20,02,07
2009150,2009-12-23,04,11,18,25,34,05,07
2009151,2009-12-26,03,08,14,30,31,04,09
2009152,2009-12-28,01,23,29,30,32,07,12
2009153,2009-12-30,21,22,30,32,34,03,07
id,date,red1,red2,red3,red4,red5,blue1,blue2
2010001,2010-01-02,02,06,07,12,27,02,08
2010002,2010-01-04,04,23,25,26,30,07,10
2010003,2010-01-06,05,14,23,27,30,02,08
2010004,2010-01-09,03,06,21,24,34,04,06
2010005,2010-01-11,04,17,19,22,30,02,03
2010006,2010-01-13,03,13,19,30,34,02,05
2010007,2010-01-16,07,23,26,29,32,08,11
2010008,2010-01-18,11,23,25,31,32,05,11
2010009,2010-01-20,02,05,13,27,32,03,11
2010010,2010-01-23,15,22,24,32,35,02,09
2010011,2010-01-25,02,03,11,27,32,08,11
2010012,2010-01-27,20,24,30,31,33,05,12
2010013,2010-01-30,18,21,22,26,34,09,12
2010014,2010-02-01,18,19,30,33,35,02,04
2010015,2010-02-03,03,10,14,18,28,08,10
2010016,2010-02-06,10,12,20,23,32,04,10
2010017,2010-02-08,13,21,23,27,34,09,12
2010018,2010-02-10,03,10,26,32,33,04,12
2010019,2010-02-20,03,11,19,26,27,02,09
2010020,2010-02-22,08,18,26,32,33,01,06
2010021,2010-02-24,11,20,23,24,25,07,09
2010022,2010-02-27,02,11,13,14,25,02,05
2010023,2010-03-01,11,13,29,32,33,02,08
2010024,2010-03-03,03,14,19,24,25,04,11
2010025,2010-03-06,09,11,13,14,25,01,07
2010026,2010-03-08,05,23,25,31,35,07,10
2010027,2010-03-10,05,23,26,32,34,02,09
2010028,2010-03-13,01,02,07,20,35,01,03
2010029,2010-03-15,21,22,33,34,35,03,04
2010030,2010-03-17,10,12,19,32,35,02,07
2010031,2010-03-20,05,13,16,17,35,06,08
2010032,2010-03-22,13,16,23,24,33,07,11
2010033,2010-03-24,12,19,28,29,30,05,08
2010034,2010-03-27,01,06,19,25,26,03,09
2010035,2010-03-29,14,16,20,31,34,01,07
2010036,2010-03-31,19,25,28,31,33,01,08
2010037,2010-04-03,19,21,26,34,35,01,09
2010038,2010-04-05,08,10,25,29,33,01,02
2010039,2010-04-07,07,19,26,28,32,01,08
2010040,2010-04-10,13,20,26,31,35,02,11
2010041,2010-04-12,16,22,28,29,34,04,12
2010042,2010-04-14,01,05,19,34,35,06,07
2010043,2010-04-17,05,08,10,33,35,02,10
2010044,2010-04-19,06,21,24,28,30,02,07
2010045,2010-04-21,08,17,18,20,28,09,10
2010046,2010-04-24,02,15,19,26,27,05,06
2010047,2010-04-26,04,08,11,30,31,02,08
2010048,2010-04-28,02,03,10,12,25,03,09
2010049,2010-05-01,01,25,29,31,33,04,10
2010050,2010-05-03,07,08,15,30,35,05,10
2010051,2010-05-05,06,10,20,24,32,06,10
2010052,2010-05-08,04,06,25,29,32,05,06
2010053,2010-05-10,09,19,22,26,34,09,11
2010054,2010-05-12,12,25,29,30,33,10,11
2010055,2010-05-15,13,14,17,27,32,02,10
2010056,2010-05-17,05,09,23,25,30,09,12
2010057,2010-05-19,15,17,24,32,35,07,09
2010058,2010-05-22,06,15,17,19,30,01,12
2010059,2010-05-24,06,10,14,25,34,01,03
2010060,2010-05-26,10,13,22,33,34,01,05
2010061,2010-05-29,05,12,14,17,22,05,07
2010062,2010-05-31,06,07,18,30,31,07,08
2010063,2010-06-02,07,14,16,30,31,03,06
2010064,2010-06-05,07,10,12,20,21,06,09
2010065,2010-06-07,05,08,13,14,32,08,11
2010066,2010-06-09,15,21,22,24,27,01,06
2010067,2010-06-12,01,11,19,30,32,03,10
2010068,2010-06-14,11,17,19,20,34,06,10
2010069,2010-06-16,06,17,18,25,29,08,09
2010070,2010-06-19,05,14,23,25,28,11,12
2010071,2010-06-21,07,12,26,30,32,02,07
2010072,2010-06-23,05,10,17,23,25,03,10
2010073,2010-06-26,04,09,11,30,32,01,11
2010074,2010-06-28,03,07,20,27,32,02,12
2010075,2010-06-30,10,12,17,23,27,05,07
2010076,2010-07-03,09,12,16,19,35,02,12
2010077,2010-07-05,06,07,09,17,24,02,12
2010078,2010-07-07,02,03,15,28,35,01,11
2010079,2010-07-10,01,04,21,22,24,02,05
2010080,2010-07-12,08,19,27,29,34,04,10
2010081,2010-07-14,14,18,20,24,27,05,10
2010082,2010-07-17,05,08,24,29,30,04,06
2010083,2010-07-19,07,11,21,22,35,04,07
2010084,2010-07-21,03,13,14,22,26,02,05
2010085,2010-07-24,02,10,16,18,34,02,03
2010086,2010-07-26,01,02,12,19,35,05,07
2010087,2010-07-28,01,12,20,21,24,02,08
2010088,2010-07-31,03,05,14,30,35,03,06
2010089,2010-08-02,04,10,13,18,23,08,10
2010090,2010-08-04,08,24,26,31,32,07,09
2010091,2010-08-07,06,10,23,26,31,05,07
2010092,2010-08-09,02,15,29,30,34,02,12
2010093,2010-08-11,02,04,09,28,29,05,08
2010094,2010-08-14,20,32,33,34,35,06,07
2010095,2010-08-16,12,14,16,19,25,01,06
2010096,2010-08-18,04,09,24,30,35,01,10
2010097,2010-08-21,09,17,21,28,29,02,08
2010098,2010-08-23,02,03,12,13,25,01,07
2010099,2010-08-25,03,11,17,21,30,01,08
2010100,2010-08-28,19,20,30,33,35,06,08
2010101,2010-08-30,11,15,22,27,35,05,08
2010102,2010-09-01,04,15,19,24,35,01,10
2010103,2010-09-04,10,14,29,30,35,05,08
2010104,2010-09-06,14,25,30,32,33,01,11
2010105,2010-09-08,05,17,26,27,35,08,09
2010106,2010-09-11,05,27,28,29,34,09,12
2010107,2010-09-13,14,17,22,27,34,03,05
2010108,2010-09-15,01,10,13,19,34,09,12
2010109,2010-09-18,01,02,08,11,25,10,12
2010110,2010-09-20,21,29,30,33,35,07,11
2010111,2010-09-22,03,06,13,14,29,01,02
2010112,2010-09-25,14,15,18,34,35,08,10
2010113,2010-09-27,05,16,22,23,32,04,10
2010114,2010-09-29,03,07,22,25,35,03,11
2010115,2010-10-02,05,07,10,15,32,03,08
2010116,2010-10-04,14,22,27,28,35,04,10
2010117,2010-10-06,04,06,21,27,34,05,09
2010118,2010-10-09,19,22,23,29,35,08,10
2010119,2010-10-11,05,13,14,23,26,02,03
2010120,2010-10-13,08,10,18,34,35,06,10
2010121,2010-10-16,21,22,31,32,34,02,12
2010122,2010-10-18,05,06,11,13,26,02,07
2010123,2010-10-20,18,20,30,32,33,01,11
2010124,2010-10-23,01,09,27,29,34,01,06
2010125,2010-10-25,01,07,09,14,19,09,12
2010126,2010-10-27,03,05,09,13,33,05,11
2010127,2010-10-30,03,22,24,30,33,04,10
2010128,2010-11-01,06,17,19,29,35,02,08
2010129,2010-11-03,14,15,24,25,26,03,07
2010130,2010-11-06,05,06,09,10,34,08,11
2010131,2010-11-08,10,15,22,28,29,04,12
2010132,2010-11-10,18,21,23,25,29,06,11
2010133,2010-11-13,11,16,17,21,22,03,06
2010134,2010-11-15,09,12,13,19,30,04,05
2010135,2010-11-17,14,17,19,26,32,03,04
2010136,2010-11-20,03,13,18,30,33,07,08
2010137,2010-11-22,22,27,28,33,35,09,11
2010138,2010-11-24,08,12,14,19,27,05,06
2010139,2010-11-27,03,13,16,19,29,07,09
2010140,2010-11-29,06,18,20,30,31,03,06
2010141,2010-12-01,05,11,17,23,33,03,10
2010142,2010-12-04,10,11,19,21,27,04,06
2010143,2010-12-06,10,16,18,22,27,06,08
2010144,2010-12-08,02,11,16,22,31,10,11
2010145,2010-12-11,18,19,27,28,33,03,06
2010146,2010-12-13,14,17,30,31,34,04,10
2010147,2010-12-15,01,15,19,21,23,11,12
2010148,2010-12-18,03,04,08,10,35,02,06
2010149,2010-12-20,05,22,24,25,30,01,06
2010150,2010-12-22,05,24,28,29,35,01,09
2010151,2010-12-25,01,10,32,33,35,03,08
2010152,2010-12-27,02,05,18,22,23,07,12
2010153,2010-12-29,06,07,16,24,35,04,06
id,date,red1,red2,red3,red4,red5,blue1,blue2
2011001,2011-01-01,07,08,15,32,34,05,12
2011002,2011-01-03,11,13,27,28,29,02,06
2011003,2011-01-05,01,24,27,30,31,01,06
2011004,2011-01-08,07,08,10,23,25,07,09
2011005,2011-01-10,01,07,25,27,30,07,12
2011006,2011-01-12,02,08,16,26,35,11,12
2011007,2011-01-15,14,24,32,33,35,02,09
2011008,2011-01-17,01,23,26,27,30,05,06
2011009,2011-01-19,09,10,11,14,24,03,08
2011010,2011-01-22,04,08,10,14,27,05,07
2011011,2011-01-24,02,17,23,24,30,02,09
2011012,2011-01-26,03,12,19,25,30,08,11
2011013,2011-01-29,05,08,14,28,30,04,06
2011014,2011-01-31,02,14,20,21,24,02,09
2011015,2011-02-09,08,18,19,22,23,01,03
2011016,2011-02-12,15,20,30,33,35,06,09
2011017,2011-02-14,16,19,24,26,31,02,04
2011018,2011-02-16,16,22,24,32,34,02,10
2011019,2011-02-19,08,21,23,27,33,06,11
2011020,2011-02-21,09,12,19,22,28,01,05
2011021,2011-02-23,01,09,13,17,30,02,08
2011022,2011-02-26,09,14,24,25,34,01,04
2011023,2011-02-28,05,13,16,18,24,02,12
2011024,2011-03-02,12,15,16,20,33,08,12
2011025,2011-03-05,08,09,25,28,29,02,10
2011026,2011-03-07,01,09,15,20,29,07,09
2011027,2011-03-09,05,14,25,34,35,02,05
2011028,2011-03-12,01,02,13,17,28,01,04
2011029,2011-03-14,03,09,17,24,28,06,12
2011030,2011-03-16,15,19,25,30,33,03,08
2011031,2011-03-19,12,17,19,22,35,04,11
2011032,2011-03-21,07,16,23,31,33,03,10
2011033,2011-03-23,03,19,24,29,33,03,09
2011034,2011-03-26,03,06,09,17,27,03,09
2011035,2011-03-28,03,04,13,15,32,04,09
2011036,2011-03-30,03,18,29,30,33,08,09
2011037,2011-04-02,01,12,14,22,24,10,12
2011038,2011-04-04,07,09,11,13,33,10,12
2011039,2011-04-06,01,11,14,22,34,06,08
2011040,2011-04-09,03,07,15,18,20,01,06
2011041,2011-04-11,04,05,11,13,25,03,06
2011042,2011-04-13,06,09,18,30,32,10,12
2011043,2011-04-16,02,08,23,33,35,05,10
2011044,2011-04-18,11,21,24,26,31,06,07
2011045,2011-04-20,13,21,22,29,31,07,11
2011046,2011-04-23,09,15,16,19,29,04,06
2011047,2011-04-25,02,15,22,33,35,05,08
2011048,2011-04-27,13,17,25,27,28,02,03
2011049,2011-04-30,05,06,10,22,25,01,09
2011050,2011-05-02,04,07,29,32,33,08,10
2011051,2011-05-04,06,08,12,17,18,05,10
2011052,2011-05-07,13,24,31,32,33,03,09
2011053,2011-05-09,03,16,28,31,32,01,09
2011054,2011-05-11,05,09,16,26,35,03,10
2011055,2011-05-14,01,07,31,32,35,02,10
2011056,2011-05-16,03,05,29,30,31,08,10
2011057,2011-05-18,07,11,30,31,34,09,12
2011058,2011-05-21,01,09,27,32,33,03,06
2011059,2011-05-23,09,16,21,29,34,07,10
2011060,2011-05-25,03,25,29,32,34,09,10
2011061,2011-05-28,06,07,16,18,20,04,10
2011062,2011-05-30,06,10,17,20,21,03,07
2011063,2011-06-01,10,17,18,26,32,01,05
2011064,2011-06-04,01,06,27,30,34,01,06
2011065,2011-06-06,03,11,14,25,34,01,04
2011066,2011-06-08,06,13,18,20,33,09,10
2011067,2011-06-11,10,17,22,24,32,03,10
2011068,2011-06-13,01,13,16,18,32,07,09
2011069,2011-06-15,03,05,28,29,33,04,12
2011070,2011-06-18,09,19,22,29,30,02,08
2011071,2011-06-20,27,31,33,34,35,04,06
2011072,2011-06-22,03,11,13,20,35,03,08
2011073,2011-06-25,13,19,20,22,33,05,11
2011074,2011-06-27,07,16,23,28,31,03,06
2011075,2011-06-29,06,09,20,23,28,06,10
2011076,2011-07-02,18,23,25,29,30,01,02
2011077,2011-07-04,05,08,19,33,34,01,12
2011078,2011-07-06,04,09,16,27,30,02,06
2011079,2011-07-09,01,03,23,30,31,02,10
2011080,2011-07-11,05,12,30,31,32,01,03
2011081,2011-07-13,04,13,20,21,35,02,09
2011082,2011-07-16,07,20,25,30,32,05,09
2011083,2011-07-18,06,08,18,20,24,04,08
2011084,2011-07-20,14,29,31,34,35,01,12
2011085,2011-07-23,02,17,19,21,22,03,10
2011086,2011-07-25,04,05,06,09,15,01,06
2011087,2011-07-27,06,13,20,25,34,07,09
2011088,2011-07-30,20,21,27,29,35,03,08
2011089,2011-08-01,05,06,23,27,34,03,04
2011090,2011-08-03,02,04,29,30,34,05,08
2011091,2011-08-06,11,17,23,29,30,06,08
2011092,2011-08-08,10,17,19,32,33,01,12
2011093,2011-08-10,04,06,08,19,31,10,11
2011094,2011-08-13,11,21,22,32,34,04,08
2011095,2011-08-15,09,12,17,19,29,06,11
2011096,2011-08-17,03,08,20,24,25,01,02
2011097,2011-08-20,04,19,28,31,33,11,12
2011098,2011-08-22,06,07,28,33,35,01,10
2011099,2011-08-24,02,06,09,12,20,05,08
2011100,2011-08-27,08,11,13,28,33,08,09
2011101,2011-08-29,05,12,20,28,30,03,07
2011102,2011-08-31,19,24,28,31,34,04,12
2011103,2011-09-03,03,04,26,29,34,01,03
2011104,2011-09-05,07,19,27,28,34,02,05
2011105,2011-09-07,02,11,26,32,33,05,12
2011106,2011-09-10,01,09,29,30,35,05,09
2011107,2011-09-12,02,06,18,30,32,01,08
2011108,2011-09-14,07,15,18,24,28,01,07
2011109,2011-09-17,01,11,12,22,34,08,10
2011110,2011-09-19,30,31,33,34,35,04,07
2011111,2011-09-21,02,11,13,23,31,11,12
2011112,2011-09-24,06,17,28,32,33,08,12
2011113,2011-09-26,04,05,07,10,12,04,05
2011114,2011-09-28,06,08,17,27,35,02,11
2011115,2011-10-01,17,26,30,31,35,06,11
2011116,2011-10-03,10,15,18,19,26,07,12
2011117,2011-10-05,10,12,28,32,33,03,05
2011118,2011-10-08,04,07,11,32,35,05,07
2011119,2011-10-10,04,15,20,26,31,06,12
2011120,2011-10-12,20,25,26,30,31,09,10
2011121,2011-10-15,02,03,30,31,33,03,09
2011122,2011-10-17,03,08,23,24,34,05,12
2011123,2011-10-19,10,14,18,19,35,01,06
2011124,2011-10-22,08,12,14,20,25,06,08
2011125,2011-10-24,07,10,27,34,35,10,12
2011126,2011-10-26,07,17,29,30,33,10,12
2011127,2011-10-29,01,11,22,26,29,05,08
2011128,2011-10-31,03,04,06,11,13,01,02
2011129,2011-11-02,01,07,13,18,23,04,08
2011130,2011-11-05,08,09,13,23,35,11,12
2011131,2011-11-07,03,05,12,18,33,07,11
2011132,2011-11-09,12,14,16,19,33,02,09
2011133,2011-11-12,04,11,23,26,35,03,12
2011134,2011-11-14,01,10,12,14,17,09,10
2011135,2011-11-16,06,22,29,33,35,03,12
2011136,2011-11-19,08,09,11,19,33,03,12
2011137,2011-11-21,02,15,18,23,31,01,02
2011138,2011-11-23,17,23,26,30,32,06,12
2011139,2011-11-26,04,06,10,15,16,03,04
2011140,2011-11-28,01,12,32,33,34,09,11
2011141,2011-11-30,02,11,19,22,35,10,12
2011142,2011-12-03,04,26,30,33,34,04,06
2011143,2011-12-05,08,09,12,25,33,07,10
2011144,2011-12-07,07,18,24,28,33,02,03
2011145,2011-12-10,07,15,19,24,29,04,06
2011146,2011-12-12,09,13,19,29,34,02,11
2011147,2011-12-14,01,15,16,27,28,02,07
2011148,2011-12-17,07,10,11,26,31,03,04
2011149,2011-12-19,02,07,12,29,31,03,05
2011150,2011-12-21,13,22,30,33,34,06,12
2011151,2011-12-24,07,11,14,20,27,03,10
2011152,2011-12-26,01,04,06,21,35,02,11
2011153,2011-12-28,06,22,29,30,35,03,05
2011154,2011-12-31,04,12,16,20,28,08,11
id,date,red1,red2,red3,red4,red5,blue1,blue2
2012001,2012-01-02,07,27,28,32,33,01,12
2012002,2012-01-04,03,11,14,26,29,07,08
2012003,2012-01-07,16,22,24,33,34,03,10
2012004,2012-01-09,10,11,22,31,32,06,07
2012005,2012-01-11,01,02,29,31,33,07,12
2012006,2012-01-14,03,20,22,25,27,01,09
2012007,2012-01-16,04,05,13,17,25,07,10
2012008,2012-01-18,06,08,30,31,32,01,11
2012009,2012-01-21,06,14,20,29,35,09,10
2012010,2012-01-30,25,26,29,32,34,05,07
2012011,2012-02-01,05,19,22,29,30,02,04
2012012,2012-02-04,06,18,22,30,35,02,07
2012013,2012-02-06,07,08,11,12,24,01,02
2012014,2012-02-08,10,14,24,30,32,01,12
2012015,2012-02-11,12,13,24,26,33,06,08
2012016,2012-02-13,05,14,20,29,31,08,12
2012017,2012-02-15,06,11,22,29,34,03,12
2012018,2012-02-18,03,10,14,29,31,04,08
2012019,2012-02-20,07,09,17,30,34,01,12
2012020,2012-02-22,12,14,27,29,34,03,06
2012021,2012-02-25,10,15,21,31,34,07,08
2012022,2012-02-27,07,12,20,33,35,01,10
2012023,2012-02-29,07,09,17,29,35,09,10
2012024,2012-03-03,03,11,17,21,30,03,07
2012025,2012-03-05,01,02,05,12,27,04,07
2012026,2012-03-07,10,11,22,23,29,02,09
2012027,2012-03-10,03,10,11,22,31,05,07
2012028,2012-03-12,10,12,15,33,34,03,10
2012029,2012-03-14,04,07,08,18,29,07,10
2012030,2012-03-17,03,21,22,26,32,01,03
2012031,2012-03-19,19,21,23,25,30,03,08
2012032,2012-03-21,07,08,16,26,34,07,11
2012033,2012-03-24,08,13,19,27,32,01,08
2012034,2012-03-26,01,08,15,16,29,08,09
2012035,2012-03-28,01,04,30,32,35,08,12
2012036,2012-03-31,01,09,20,30,31,08,12
2012037,2012-04-02,09,13,27,31,35,03,10
2012038,2012-04-04,11,23,25,31,35,01,03
2012039,2012-04-07,15,21,22,24,35,01,05
2012040,2012-04-09,02,13,23,28,29,01,05
2012041,2012-04-11,01,02,13,22,23,02,10
2012042,2012-04-14,07,24,27,28,35,07,12
2012043,2012-04-16,01,06,25,31,34,03,09
2012044,2012-04-18,03,04,14,32,35,01,02
2012045,2012-04-21,05,11,17,20,28,11,12
2012046,2012-04-23,04,08,19,23,27,04,11
2012047,2012-04-25,05,07,17,30,34,03,10
2012048,2012-04-28,06,09,26,30,35,05,06
2012049,2012-04-30,09,18,22,27,31,10,12
2012050,2012-05-02,13,17,22,28,29,01,10
2012051,2012-05-05,01,02,17,18,33,05,12
2012052,2012-05-07,10,20,26,31,33,10,12
2012053,2012-05-09,11,12,26,28,31,07,12
2012054,2012-05-12,01,16,18,27,30,10,11
2012055,2012-05-14,07,22,26,32,33,01,08
2012056,2012-05-16,11,21,23,26,34,07,09
2012057,2012-05-19,01,02,14,33,34,03,05
2012058,2012-05-21,13,21,29,31,35,04,12
2012059,2012-05-23,09,13,19,21,27,03,04
2012060,2012-05-26,02,16,21,24,30,06,10
2012061,2012-05-28,05,10,14,27,33,07,09
2012062,2012-05-30,21,32,33,34,35,08,09
2012063,2012-06-02,11,25,26,29,35,01,02
2012064,2012-06-04,09,12,13,15,30,09,10
2012065,2012-06-06,10,22,28,29,34,05,11
2012066,2012-06-09,01,20,25,29,33,04,06
2012067,2012-06-11,20,22,27,30,33,01,02
2012068,2012-06-13,01,21,31,32,35,03,06
2012069,2012-06-16,02,04,22,25,34,02,11
2012070,2012-06-18,09,22,23,32,34,06,08
2012071,2012-06-20,13,23,29,31,34,06,08
2012072,2012-06-23,04,08,17,22,25,04,10
2012073,2012-06-25,18,23,29,33,34,02,07
2012074,2012-06-27,10,22,23,30,32,01,07
2012075,2012-06-30,07,09,10,18,22,05,10
2012076,2012-07-02,02,14,16,22,24,02,05
2012077,2012-07-04,10,30,32,33,34,02,03
2012078,2012-07-07,01,02,23,25,35,05,12
2012079,2012-07-09,01,05,25,32,33,01,10
2012080,2012-07-11,11,12,14,25,28,02,05
2012081,2012-07-14,10,16,17,30,35,01,08
2012082,2012-07-16,02,04,09,10,15,08,10
2012083,2012-07-18,16,19,28,29,31,05,08
2012084,2012-07-21,21,24,27,29,31,01,02
2012085,2012-07-23,07,18,29,31,33,10,12
2012086,2012-07-25,03,20,25,29,32,05,10
2012087,2012-07-28,01,06,07,21,31,04,11
2012088,2012-07-30,13,17,24,30,35,02,10
2012089,2012-08-01,06,12,21,29,32,06,11
2012090,2012-08-04,02,21,27,29,33,02,10
2012091,2012-08-06,03,10,28,31,33,01,09
2012092,2012-08-08,08,09,23,25,31,02,12
2012093,2012-08-11,02,16,21,31,33,04,11
2012094,2012-08-13,02,14,23,32,35,01,10
2012095,2012-08-15,06,09,22,27,30,08,12
2012096,2012-08-18,05,10,19,24,35,08,09
2012097,2012-08-20,09,17,24,29,32,01,02
2012098,2012-08-22,02,11,28,29,30,06,12
2012099,2012-08-25,12,18,24,25,32,02,12
2012100,2012-08-27,07,09,13,19,27,01,03
2012101,2012-08-29,02,05,08,09,31,03,07
2012102,2012-09-01,02,04,06,13,35,04,08
2012103,2012-09-03,02,09,18,23,24,01,04
2012104,2012-09-05,16,18,24,25,27,04,09
2012105,2012-09-08,05,06,14,15,31,06,08
2012106,2012-09-10,15,23,25,29,31,09,10
2012107,2012-09-12,04,07,09,22,33,01,03
2012108,2012-09-15,06,07,12,24,35,02,06
2012109,2012-09-17,01,22,30,32,35,09,11
2012110,2012-09-19,01,11,17,19,26,05,12
2012111,2012-09-22,01,24,25,30,33,04,11
2012112,2012-09-24,01,02,28,31,35,05,07
2012113,2012-09-26,03,10,22,27,29,03,12
2012114,2012-09-29,03,06,21,33,35,01,07
2012115,2012-10-01,01,06,13,19,23,06,09
2012116,2012-10-03,01,11,18,20,22,07,10
2012117,2012-10-06,01,12,18,21,33,07,08
2012118,2012-10-08,05,17,25,30,33,01,12
2012119,2012-10-10,05,06,09,19,32,06,09
2012120,2012-10-13,02,10,21,23,29,03,04
2012121,2012-10-15,07,18,20,29,30,05,06
2012122,2012-10-17,23,24,25,29,31,03,12
2012123,2012-10-20,05,08,18,30,33,01,09
2012124,2012-10-22,07,11,19,20,35,05,10
2012125,2012-10-24,06,14,17,22,35,01,02
2012126,2012-10-27,13,14,21,28,29,05,10
2012127,2012-10-29,12,13,14,25,35,10,12
2012128,2012-10-31,09,10,19,30,31,04,11
2012129,2012-11-03,01,07,21,28,31,03,09
2012130,2012-11-05,14,19,23,29,30,06,07
2012131,2012-11-07,02,16,18,27,30,08,12
2012132,2012-11-10,05,08,21,25,33,01,11
2012133,2012-11-12,05,07,13,29,30,01,05
2012134,2012-11-14,01,06,18,32,35,02,07
2012135,2012-11-17,03,05,17,18,33,06,07
2012136,2012-11-19,02,23,29,30,31,01,04
2012137,2012-11-21,03,12,20,21,27,01,06
2012138,2012-11-24,13,17,27,31,33,06,12
2012139,2012-11-26,09,10,12,22,25,04,11
2012140,2012-11-28,07,17,27,28,29,09,10
2012141,2012-12-01,03,11,19,23,34,02,12
2012142,2012-12-03,15,19,29,34,35,07,10
2012143,2012-12-05,09,27,29,30,31,03,06
2012144,2012-12-08,11,13,14,21,29,01,10
2012145,2012-12-10,05,22,31,33,35,06,09
2012146,2012-12-12,01,10,13,17,26,06,08
2012147,2012-12-15,02,03,17,19,33,02,09
2012148,2012-12-17,04,16,27,29,34,06,11
2012149,2012-12-19,02,10,23,33,34,05,10
2012150,2012-12-22,02,14,18,24,31,02,03
2012151,2012-12-24,03,19,20,24,33,03,04
2012152,2012-12-26,04,17,26,33,34,02,08
2012153,2012-12-29,08,09,10,13,22,05,10
2012154,2012-12-31,03,26,27,31,32,03,09
id,date,red1,red2,red3,red4,red5,blue1,blue2
2013001,2013-01-02,06,09,11,31,32,05,11
2013002,2013-01-05,04,20,27,31,32,06,12
2013003,2013-01-07,01,16,18,21,31,09,12
2013004,2013-01-09,07,08,12,20,25,03,07
2013005,2013-01-12,18,22,26,28,31,10,12
2013006,2013-01-14,08,20,25,31,32,05,07
2013007,2013-01-16,14,29,32,33,34,03,06
2013008,2013-01-19,02,07,25,29,34,03,06
2013009,2013-01-21,10,17,19,27,29,05,12
2013010,2013-01-23,09,15,17,18,29,09,11
2013011,2013-01-26,01,02,08,15,23,06,09
2013012,2013-01-28,01,14,31,32,34,02,11
2013013,2013-01-30,13,15,29,30,35,01,11
2013014,2013-02-02,05,08,25,29,31,02,04
2013015,2013-02-04,14,15,26,32,33,01,11
2013016,2013-02-06,05,15,19,27,32,08,09
2013017,2013-02-16,11,14,22,29,34,05,11
2013018,2013-02-18,20,23,31,33,34,03,09
2013019,2013-02-20,06,12,17,29,30,07,11
2013020,2013-02-23,06,11,20,31,32,05,09
2013021,2013-02-25,23,24,28,30,33,01,11
2013022,2013-02-27,03,04,13,17,23,03,08
2013023,2013-03-02,05,19,24,26,35,05,07
2013024,2013-03-04,09,12,14,18,24,01,04
2013025,2013-03-06,03,23,25,26,28,10,12
2013026,2013-03-09,02,10,16,30,33,05,06
2013027,2013-03-11,03,12,14,24,35,03,08
2013028,2013-03-13,13,19,28,30,34,08,12
2013029,2013-03-16,05,07,17,25,26,04,10
2013030,2013-03-18,03,05,09,10,28,05,07
2013031,2013-03-20,12,17,18,26,32,10,11
2013032,2013-03-23,12,27,28,33,35,01,08
2013033,2013-03-25,12,18,22,28,31,01,11
2013034,2013-03-27,01,03,11,19,29,04,08
2013035,2013-03-30,05,14,28,32,34,07,08
2013036,2013-04-01,08,12,32,33,35,03,05
2013037,2013-04-03,02,26,31,32,34,06,08
2013038,2013-04-06,01,19,24,25,26,07,09
2013039,2013-04-08,06,23,30,33,35,07,10
2013040,2013-04-10,16,17,22,26,35,03,10
2013041,2013-04-13,03,13,14,15,34,05,08
2013042,2013-04-15,02,06,22,23,33,01,06
2013043,2013-04-17,07,13,25,34,35,07,09
2013044,2013-04-20,07,11,13,18,28,05,10
2013045,2013-04-22,08,11,12,21,25,02,07
2013046,2013-04-24,15,16,19,25,32,05,11
2013047,2013-04-27,12,20,28,30,35,03,11
2013048,2013-04-29,10,11,23,32,33,01,04
2013049,2013-05-01,18,22,25,31,32,04,06
2013050,2013-05-04,14,22,30,32,33,07,08
2013051,2013-05-06,05,08,15,18,33,07,08
2013052,2013-05-08,01,02,10,29,31,01,10
2013053,2013-05-11,13,31,33,34,35,05,07
2013054,2013-05-13,05,08,21,30,32,01,08
2013055,2013-05-15,04,05,22,23,24,03,09
2013056,2013-05-18,11,22,30,32,35,03,04
2013057,2013-05-20,07,15,27,33,35,07,10
2013058,2013-05-22,20,21,27,31,35,07,11
2013059,2013-05-25,03,08,11,24,27,07,12
2013060,2013-05-27,15,25,26,32,35,05,10
2013061,2013-05-29,01,14,18,21,32,05,10
2013062,2013-06-01,01,05,08,09,12,09,12
2013063,2013-06-03,03,05,11,27,28,05,06
2013064,2013-06-05,21,24,26,28,32,01,03
2013065,2013-06-08,09,28,31,34,35,02,09
2013066,2013-06-10,06,07,13,33,34,02,11
2013067,2013-06-12,02,03,05,08,29,10,12
2013068,2013-06-15,10,17,27,34,35,05,07
2013069,2013-06-17,06,12,13,16,30,07,12
2013070,2013-06-19,09,12,18,21,29,01,08
2013071,2013-06-22,13,19,26,27,28,03,11
2013072,2013-06-24,12,27,28,33,35,03,05
2013073,2013-06-26,03,05,23,27,31,02,06
2013074,2013-06-29,06,14,20,24,32,01,07
2013075,2013-07-01,01,11,13,19,35,07,08
2013076,2013-07-03,13,15,16,26,27,09,10
2013077,2013-07-06,24,26,30,32,35,06,12
2013078,2013-07-08,02,07,23,31,33,02,08
2013079,2013-07-10,09,10,17,21,34,01,07
2013080,2013-07-13,06,21,23,27,31,04,06
2013081,2013-07-15,07,09,15,17,23,02,07
2013082,2013-07-17,03,09,25,26,33,03,12
2013083,2013-07-20,26,29,30,32,35,04,10
2013084,2013-07-22,08,22,26,29,35,01,05
2013085,2013-07-24,08,19,23,27,32,03,05
2013086,2013-07-27,09,16,26,29,31,06,09
2013087,2013-07-29,09,12,22,32,34,02,04
2013088,2013-07-31,03,05,08,33,35,01,03
2013089,2013-08-03,06,07,23,24,29,04,11
2013090,2013-08-05,02,26,30,31,33,11,12
2013091,2013-08-07,04,09,28,34,35,02,08
2013092,2013-08-10,07,10,21,27,33,03,09
2013093,2013-08-12,01,05,17,18,26,05,07
2013094,2013-08-14,03,28,33,34,35,06,09
2013095,2013-08-17,03,17,28,30,33,01,10
2013096,2013-08-19,17,19,20,22,26,06,08
2013097,2013-08-21,07,08,13,17,32,03,08
2013098,2013-08-24,02,06,16,29,34,10,11
2013099,2013-08-26,04,11,28,30,33,05,12
2013100,2013-08-28,09,12,24,26,30,05,09
2013101,2013-08-31,04,09,13,15,32,02,09
2013102,2013-09-02,06,12,15,19,26,02,11
2013103,2013-09-04,05,08,13,16,31,03,09
2013104,2013-09-07,02,05,11,27,29,01,11
2013105,2013-09-09,07,13,27,30,34,01,12
2013106,2013-09-11,06,07,12,13,27,03,12
2013107,2013-09-14,07,13,14,18,25,05,12
2013108,2013-09-16,05,10,13,15,18,02,11
2013109,2013-09-18,13,20,26,29,32,02,06
2013110,2013-09-21,07,16,18,32,33,02,07
2013111,2013-09-23,07,12,13,20,27,01,03
2013112,2013-09-25,02,10,20,22,29,05,12
2013113,2013-09-28,19,21,23,28,30,08,12
2013114,2013-09-30,06,17,21,23,33,01,09
2013115,2013-10-02,05,16,29,32,34,04,11
2013116,2013-10-05,13,22,23,30,33,09,11
2013117,2013-10-07,05,16,23,25,33,07,12
2013118,2013-10-09,04,06,11,20,31,01,05
2013119,2013-10-12,01,02,16,23,35,01,11
2013120,2013-10-14,06,14,15,22,26,03,11
2013121,2013-10-16,03,18,19,20,24,03,12
2013122,2013-10-19,15,17,20,24,35,04,12
2013123,2013-10-21,02,09,10,33,34,05,12
2013124,2013-10-23,05,07,18,21,32,10,11
2013125,2013-10-26,04,08,14,23,28,04,08
2013126,2013-10-28,09,10,15,18,30,03,06
2013127,2013-10-30,03,14,16,19,32,05,10
2013128,2013-11-02,11,13,27,33,35,01,02
2013129,2013-11-04,11,23,29,30,33,01,04
2013130,2013-11-06,08,09,15,19,30,06,09
2013131,2013-11-09,12,15,29,30,31,04,12
2013132,2013-11-11,23,26,28,31,34,02,10
2013133,2013-11-13,02,08,10,16,17,09,12
2013134,2013-11-16,02,13,19,23,32,02,09
2013135,2013-11-18,04,13,19,25,26,07,12
2013136,2013-11-20,05,11,15,25,28,05,11
2013137,2013-11-23,04,12,32,33,34,06,08
2013138,2013-11-25,03,08,13,17,24,07,09
2013139,2013-11-27,05,06,18,20,31,06,07
2013140,2013-11-30,01,12,17,26,28,01,06
2013141,2013-12-02,05,15,18,25,31,08,10
2013142,2013-12-04,06,11,25,28,29,04,12
2013143,2013-12-07,03,08,14,21,31,06,08
2013144,2013-12-09,03,20,21,23,35,02,08
2013145,2013-12-11,02,13,15,18,20,02,11
2013146,2013-12-14,06,07,15,25,31,01,09
2013147,2013-12-16,03,09,22,24,25,05,09
2013148,2013-12-18,02,05,09,29,32,03,07
2013149,2013-12-21,06,07,08,09,13,05,07
2013150,2013-12-23,06,07,14,18,22,08,11
2013151,2013-12-25,02,13,21,27,30,03,04
2013152,2013-12-28,09,12,14,18,19,03,09
2013153,2013-12-30,04,05,16,17,30,03,09
id,date,red1,red2,red3,red4,red5,blue1,blue2
2014001,2014-01-01,05,13,20,23,29,08,11
2014002,2014-01-04,01,12,21,24,29,01,07
2014003,2014-01-06,07,11,13,21,33,05,06
2014004,2014-01-08,07,10,19,27,28,09,12
2014005,2014-01-11,15,17,18,29,33,04,08
2014006,2014-01-13,01,04,07,16,35,06,08
2014007,2014-01-15,08,11,14,21,32,03,11
2014008,2014-01-18,11,13,20,28,35,01,05
2014009,2014-01-20,10,18,25,29,33,07,08
2014010,2014-01-22,05,10,20,26,27,01,03
2014011,2014-01-25,04,06,14,24,35,07,12
2014012,2014-01-27,09,20,21,23,29,05,07
2014013,2014-01-29,10,11,13,22,28,04,12
2014014,2014-02-08,01,09,11,27,29,03,11
2014015,2014-02-10,04,06,18,20,30,05,07
2014016,2014-02-12,04,06,13,24,34,04,09
2014017,2014-02-15,05,10,11,23,34,01,10
2014018,2014-02-17,08,09,12,28,34,02,12
2014019,2014-02-19,07,12,22,29,32,11,12
2014020,2014-02-22,01,14,17,30,35,06,07
2014021,2014-02-24,06,10,17,23,24,03,09
2014022,2014-02-26,03,06,10,16,25,10,11
2014023,2014-03-01,04,13,15,29,33,05,09
2014024,2014-03-03,07,11,15,31,32,06,11
2014025,2014-03-05,19,20,27,32,34,06,08
2014026,2014-03-08,05,10,12,15,26,04,08
2014027,2014-03-10,09,10,24,28,29,10,12
2014028,2014-03-12,03,10,20,25,30,10,12
2014029,2014-03-15,03,21,22,23,35,05,09
2014030,2014-03-17,03,14,18,29,35,11,12
2014031,2014-03-19,06,15,27,32,33,03,04
2014032,2014-03-22,02,05,06,09,31,02,09
2014033,2014-03-24,01,07,08,28,29,04,08
2014034,2014-03-26,03,11,14,27,32,05,07
2014035,2014-03-29,09,12,14,28,29,03,10
2014036,2014-03-31,01,02,12,17,29,03,08
2014037,2014-04-02,03,04,08,19,34,02,04
2014038,2014-04-05,07,08,12,20,32,03,05
2014039,2014-04-07,02,05,11,15,20,08,11
2014040,2014-04-09,12,15,21,30,33,02,08
2014041,2014-04-12,05,07,11,15,18,05,12
2014042,2014-04-14,16,21,25,27,35,06,11
2014043,2014-04-16,01,11,23,29,30,01,12
2014044,2014-04-19,22,23,25,27,35,03,11
2014045,2014-04-21,06,10,12,16,30,02,11
2014046,2014-04-23,03,15,18,21,26,01,06
2014047,2014-04-26,06,17,18,30,34,06,12
2014048,2014-04-28,01,02,05,15,35,01,11
2014049,2014-04-30,03,15,17,22,31,03,05
2014050,2014-05-03,10,18,27,28,35,01,06
2014051,2014-05-05,01,07,11,29,30,03,11
2014052,2014-05-07,14,19,21,24,30,02,07
2014053,2014-05-10,02,11,17,27,30,03,04
2014054,2014-05-12,02,03,20,25,34,01,12
2014055,2014-05-14,04,23,26,27,35,10,11
2014056,2014-05-17,12,18,28,29,35,07,08
2014057,2014-05-19,08,10,20,27,33,01,09
2014058,2014-05-21,09,15,22,24,26,02,07
2014059,2014-05-24,07,15,17,25,29,04,11
2014060,2014-05-26,12,22,29,30,34,05,11
2014061,2014-05-28,04,11,17,20,29,06,10
2014062,2014-05-31,04,07,17,24,25,02,04
2014063,2014-06-02,11,17,21,23,34,03,04
2014064,2014-06-04,08,15,33,34,35,01,08
2014065,2014-06-07,07,12,19,31,33,07,12
2014066,2014-06-09,08,14,16,20,31,03,11
2014067,2014-06-11,03,18,23,24,31,03,07
2014068,2014-06-14,05,15,24,29,35,05,06
2014069,2014-06-16,16,22,27,29,31,02,09
2014070,2014-06-18,01,02,07,10,32,04,12
2014071,2014-06-21,04,14,15,22,23,01,07
2014072,2014-06-23,17,19,22,24,30,02,09
2014073,2014-06-25,04,05,07,13,35,05,06
2014074,2014-06-28,06,11,22,27,30,05,11
2014075,2014-06-30,05,07,29,32,35,04,10
2014076,2014-07-02,05,10,19,31,32,09,10
2014077,2014-07-05,09,16,26,31,32,01,05
2014078,2014-07-07,10,15,16,22,28,04,05
2014079,2014-07-09,09,10,20,31,32,06,10
2014080,2014-07-12,17,20,23,25,27,03,10
2014081,2014-07-14,03,05,08,10,25,09,12
2014082,2014-07-16,01,08,18,23,25,08,12
2014083,2014-07-19,18,20,24,33,35,05,10
